hashtag,link,label
sachhay,https://www.tiktok.com/@trangsachhaytv/video/7259382494527622406,not_harmful
quotes,https://www.tiktok.com/@ng_ahieu?lang=en,not_harmful
sachhay,https://www.tiktok.com/@moc_tri_vuong?lang=en,not_harmful
sport,https://www.tiktok.com/@ilonabasik,not_harmful
bikini,https://www.tiktok.com/@seoitama/video/7504544082270752007,harmful
inspiration,https://www.tiktok.com/@sedyyfilms/video/7537710270127328534,not_harmful
environment,https://www.tiktok.com/@teachstarteraustralia?lang=en,not_harmful
meditation,https://www.tiktok.com/@soul_mind_body?lang=en,not_harmful
travel,https://www.tiktok.com/@nihao.trip/video/7568753395637521672,not_harmful
drama,https://www.tiktok.com/@rafournine/video/7491606076522106118,harmful
review,https://www.tiktok.com/@moviephim09?lang=en,not_harmful
bói_toán,https://www.tiktok.com/@__chimchichbong?lang=en,harmful
sachhay,https://www.tiktok.com/@gocyeusach.official/video/7558788946847698194,not_harmful
thucung,https://www.tiktok.com/@bonghoa.longbong?lang=en,not_harmful
travelvlog,https://www.tiktok.com/@evamao_/video/7445773785833164063,not_harmful
game,https://www.tiktok.com/@gabutbgtsi17?lang=en,not_harmful
drunk,https://www.tiktok.com/@movie_scenes501?lang=en,harmful
healthy,https://www.tiktok.com/@tthhealthyfood/video/7246307716354804998,not_harmful
review,https://www.tiktok.com/@1997bigsize/video/7514935604681903368,not_harmful
bullying,https://www.tiktok.com/@jieshuo1987/video/7526748242332126519,harmful
dog,https://www.tiktok.com/@usdogandpet?lang=en,not_harmful
nhaycam,https://www.tiktok.com/@chuyencongaine?lang=en,harmful
đánh_nhau,https://www.tiktok.com/@tuanphong...123?lang=en,harmful
music,https://www.tiktok.com/@shangyue.30?lang=en,not_harmful
tarotreading,https://www.tiktok.com/@thutrang_reader/video/7569530210719157524,harmful
gọi_hồn,https://www.tiktok.com/@saodieuhuannguyenhd?lang=en,harmful
fakenews,https://www.tiktok.com/@chongtingia?lang=en,harmful
fitness,https://www.tiktok.com/@thebabihulk?lang=en,not_harmful
education,https://www.tiktok.com/@itsmintpodcast?lang=en,not_harmful
cat,https://www.tiktok.com/@cute.funny.pets258?lang=en,not_harmful
bói_toán,https://www.tiktok.com/@luckymayman2?lang=en,harmful
reactiondrama,https://www.tiktok.com/@lalali9591?lang=en,harmful
study,https://www.tiktok.com/@lmg.mhan/video/7569284752230944020,not_harmful
thethao,https://www.tiktok.com/@dtsport.vn?lang=en,not_harmful
đánh_nhau,https://www.tiktok.com/@10a1_khongsomotaii?lang=en,harmful
đánh_nhau,https://www.tiktok.com/@hoangngocmaichi?lang=en,harmful
learning,https://www.tiktok.com/@lyfewitkt?lang=en,not_harmful
motivation,https://www.tiktok.com/@tj.f_8/video/7535049143144729863,not_harmful
science,https://www.tiktok.com/@kthoahoc?lang=en,not_harmful
bay_lắc,https://www.tiktok.com/@ngax_caay/video/7487329171362925879,harmful
đánh_nhau,https://www.tiktok.com/@helo12345123452/video/7563509066572549394,harmful
nhaycam,https://www.tiktok.com/@girlxinhtq224/video/7437827768882040072,harmful
đòi_nợ,https://www.tiktok.com/@hanhi_09?lang=en,harmful
cat,https://www.tiktok.com/@xkikicat/video/7569623064510516501,not_harmful
mê_tín_dị_đoan,https://www.tiktok.com/@huongkhongreal/video/7569105457856417042,harmful
darkhumor,https://www.tiktok.com/@sc666official?lang=en,harmful
car,https://www.tiktok.com/@carlovinit?lang=en,not_harmful
comedy,https://www.tiktok.com/@kionthegreat1_/video/7551107634397695235,not_harmful
seductive,https://www.tiktok.com/@seduccion.suprema/video/7389730383664778501,harmful
travelvlog,https://www.tiktok.com/@quyh_uhn/video/7532811098840419602,not_harmful
motivation,https://www.tiktok.com/@reality_0105/video/7560263038780099858,not_harmful
environment,https://www.tiktok.com/@glow_greenn?lang=en,not_harmful
mê_tín_dị_đoan,https://www.tiktok.com/@chuyendong24hnews/video/7569589614772620562,harmful
pet,https://www.tiktok.com/@jfxgw/video/7558167919784463671,not_harmful
mê_tín_dị_đoan,https://www.tiktok.com/@pine2535?lang=en,harmful
toxic,https://www.tiktok.com/@itzyofficial/video/7465626084822846727,harmful
thethao,https://www.tiktok.com/@nguyencamvan900/video/7394317117832678677,not_harmful
superstition,https://www.tiktok.com/@bmbnjam19?lang=en,harmful
seductive,https://www.tiktok.com/@xiaotaoxu134/video/7539201638385356050,harmful
funny,https://www.tiktok.com/@funny_take32?lang=en,not_harmful
seductive,https://www.tiktok.com/@xianyuluoluo3/video/7491621653181500727,harmful
bikini,https://www.tiktok.com/@halai.131198?lang=en,harmful
food,https://www.tiktok.com/@trattoriapergola?lang=en,not_harmful
lừa_đảo,https://www.tiktok.com/@thaolrocre/video/7522031637299809543,harmful
travel,https://www.tiktok.com/@lunahainsworth?lang=en,not_harmful
music,https://www.tiktok.com/@nhaccover0102/video/7561106523166936342,not_harmful
comedy,https://www.tiktok.com/@funnypanda.media/video/7535461033184333087,not_harmful
reviewphim,https://www.tiktok.com/@hoangxaykeg/video/7531407048400211207,not_harmful
đòi_nợ,https://www.tiktok.com/@storyfeelinggg?lang=en,harmful
science,https://www.tiktok.com/@w0090013j7u?lang=en,not_harmful
prankgonewrong,https://www.tiktok.com/@aemilst/video/7488360149619313937,harmful
quotes,https://www.tiktok.com/@itsmrskelly/video/7507747174642486546,not_harmful
learning,https://www.tiktok.com/@minh_minh_minh?lang=en,not_harmful
sachhay,https://www.tiktok.com/@vuilenreview/video/7565357616596077844,not_harmful
shockcontent,https://www.tiktok.com/@animalstoriesjin/video/7530630893661080887,harmful
nhaycam,https://www.tiktok.com/@dan_chuuu/video/7555730237397421330,harmful
education,https://www.tiktok.com/@underrated_vibesss/video/7128720887397895450,not_harmful
trippy,https://www.tiktok.com/@recursiveidentity?lang=en,harmful
thethao,https://www.tiktok.com/@24h.sports/video/7486053017658068231,not_harmful
alcohol,https://www.tiktok.com/@kwirkoball?lang=en,harmful
healthy,https://www.tiktok.com/@ngc.hane/video/7519137673508916487,not_harmful
fakenews,https://www.tiktok.com/@film.factoryyy/video/7372109005965053200,harmful
tarotreading,https://www.tiktok.com/@dinhquynhanh3,harmful
fight,https://www.tiktok.com/@boxboy714?lang=en,harmful
chửi_thề,https://www.tiktok.com/@funny.tv67?lang=en,harmful
funny,https://www.tiktok.com/@memedieu_/video/7242257389003525422,not_harmful
fitness,https://www.tiktok.com/@annabel.lucinda/video/7333288346828950826,not_harmful
recipe,https://www.tiktok.com/@sajidasaeedshub112/video/7367651034837110022,not_harmful
book,https://www.tiktok.com/@long.thch.chp/video/7490068529241263366,not_harmful
weirdchallenge,https://www.tiktok.com/@kristinmclaughlan/video/7086535446800502021,harmful
bạo_lực,https://www.tiktok.com/@trada.vocuc?lang=en,harmful
ancungtiktok,https://www.tiktok.com/@n.c.th.gii012?lang=en,not_harmful
sachhay,https://www.tiktok.com/@hocvochicanh?lang=en,not_harmful
tarotreading,https://www.tiktok.com/@_.binbong._?lang=en,harmful
volunteer,https://www.tiktok.com/@lilotienganhsangtao?lang=en,not_harmful
bói_toán,https://www.tiktok.com/@dichquan/video/7569086556309392648,harmful
art,https://www.tiktok.com/@b.bett.art_?lang=en,not_harmful
phóng_lợn,https://www.tiktok.com/@nsut_hoi_secxy/video/7510160954169085192,harmful
superstition,https://www.tiktok.com/@afrinfeha86?lang=en,harmful
healthy,https://www.tiktok.com/@lingmammam?lang=en,not_harmful
dog,https://www.tiktok.com/@tv.cutedogs?lang=en,not_harmful
bóc_phốt,https://www.tiktok.com/@nhathaientertainment/video/7223386903578479878,harmful
quotes,https://www.tiktok.com/@moicthestoic/video/7494226291810520338,not_harmful
fakenews,https://www.tiktok.com/@bbcnews?lang=en,harmful
makeup,https://www.tiktok.com/@mieumakeupp?lang=en,not_harmful
thethao,https://www.tiktok.com/@badmintionandbrothers?lang=en,not_harmful
thucung,https://www.tiktok.com/@cuccungconer/video/7567240304034696469,not_harmful
sachhay,https://www.tiktok.com/@chungtadoctieuthuyet?lang=en,not_harmful
nhaycam,https://www.tiktok.com/@mc.willno?lang=en,harmful
diy,https://www.tiktok.com/@cunghocdecor/video/7515315832465935634,not_harmful
meditation,https://www.tiktok.com/@dana_chay/video/7523970005361282322,not_harmful
reviewphim,https://www.tiktok.com/@tieumanthau.reviewtruyen?lang=en,not_harmful
review,https://www.tiktok.com/@betamreview68/video/7535281894984846600,not_harmful
makeup,https://www.tiktok.com/@nhiuyen_xinhh/video/7531401252521905426,not_harmful
seductive,https://www.tiktok.com/@aiforthett/video/7554823157790641430,harmful
drunk,https://www.tiktok.com/@kaylin_in_sweden?lang=en,harmful
gáixinh,https://www.tiktok.com/@emnhoanhruihuhu/video/7566989439629643028,harmful
study,https://www.tiktok.com/@vzy0501/video/7474049299173707009,not_harmful
travelvlog,https://www.tiktok.com/@elizabethxpang/video/7360834200070556936,not_harmful
bikini,https://www.tiktok.com/@bikini_trending/video/7569260998163533076,harmful
science,https://www.tiktok.com/@thinkexperiment?lang=en,not_harmful
alcohol,https://www.tiktok.com/@riwhey_orthehighway/video/7566723655988792606,harmful
travel,https://www.tiktok.com/@kylienguyen.kl/video/7515810522915294471,not_harmful
toxic,https://www.tiktok.com/@choiploy1712/video/7054156661321174298,harmful
scam,https://www.tiktok.com/@schannelvn/video/7220782326274444570,harmful
selfcare,https://www.tiktok.com/@gae4hrv?lang=en,not_harmful
quotes,https://www.tiktok.com/@for.you.180?lang=en,not_harmful
bikini,https://www.tiktok.com/@coslojvm32p/video/7526445660439186743,harmful
plant,https://www.tiktok.com/@smilecactus_indoorplant/video/7569889428022250772,not_harmful
funny,https://www.tiktok.com/@memedieu_?lang=en,not_harmful
sport,https://www.tiktok.com/@phucc_tei/video/7510991007937350920,not_harmful
learning,https://www.tiktok.com/@phanhphieuluuky?lang=en,not_harmful
reactiondrama,https://www.tiktok.com/@nniroath/video/7555297270888025362,harmful
education,https://www.tiktok.com/@dalalinchen?lang=en,not_harmful
fashion,https://www.tiktok.com/@anvy.agency/video/7567406599728418066,not_harmful
trippy,https://www.tiktok.com/@x1onh?lang=en,harmful
bikini,https://www.tiktok.com/@beautifulgirlsdaily2/video/7521426077604941063,harmful
bóc_phốt,https://www.tiktok.com/@thuvienphapluat.vn?lang=en,harmful
phóng_lợn,https://www.tiktok.com/@baldboy01?lang=en,harmful
podchill,https://www.tiktok.com/@nhathao.69/video/7198904918252604698,harmful
fakenews,https://www.tiktok.com/@bankerthichcode/video/7569596250698370322,harmful
drunk,https://www.tiktok.com/@prodszcs3hh?lang=en,harmful
sport,https://www.tiktok.com/@laliga/video/7511355182295420162,not_harmful
bikini,https://www.tiktok.com/@ngochan_1139/video/7539142873745247508,harmful
art,https://www.tiktok.com/@user09284746289/video/7418896770643578145,not_harmful
quotes,https://www.tiktok.com/@cived/video/7563020582539906326,not_harmful
dog,https://www.tiktok.com/@faunablog?lang=en,not_harmful
bóc_phốt,https://www.tiktok.com/@khonglammadoicoan03?lang=en,harmful
dog,https://www.tiktok.com/@dog/video/7554004942256655629,not_harmful
sexy,https://www.tiktok.com/@ssujini_s2/video/7497833523814944007,harmful
game,https://www.tiktok.com/@tuvuive9/video/7523097213157870866,not_harmful
body,https://www.tiktok.com/@bnttuyen.__/video/7567608892717321493,harmful
reviewphim,https://www.tiktok.com/@miuphimhayne/video/7553802437224680712,not_harmful
prankgonewrong,https://www.tiktok.com/@aemilst?lang=en,harmful
ancungtiktok,https://www.tiktok.com/@chau_muoi?lang=en,not_harmful
sachhay,https://www.tiktok.com/@mt.ti.tm.l?lang=en,not_harmful
troll,https://www.tiktok.com/@troduaduongpho88?lang=en,harmful
travelvlog,https://www.tiktok.com/@sapacogi.officially?lang=en,not_harmful
smoking,https://www.tiktok.com/@flamiebtw,harmful
art,https://www.tiktok.com/@connayodaycuaxh/video/7566934905066622229,not_harmful
thucung,https://www.tiktok.com/@lovepetstation/video/7150328637542124843,not_harmful
lifehack,https://www.tiktok.com/@usafansadamrose2?lang=en,not_harmful
fashion,https://www.tiktok.com/@liz.pan21?lang=en,not_harmful
comedy,https://www.tiktok.com/@kuyamax95/video/7564323206606130455,not_harmful
sport,https://www.tiktok.com/@sport?lang=en,not_harmful
art,https://www.tiktok.com/@nhuwquyn.d._2309/video/7549164401664838932,not_harmful
streetfight,https://www.tiktok.com/@ftc_boxing?lang=en,harmful
nature,https://www.tiktok.com/@sovviikk/video/7370585943083994373,not_harmful
body,https://www.tiktok.com/@duostyle8?lang=en,harmful
xem_bói,https://www.tiktok.com/@nt_steven89?lang=en,harmful
gai18,https://www.tiktok.com/@alexjeremy_/video/6758486729272872198,harmful
ancungtiktok,https://www.tiktok.com/@nhandian/video/7257140774771444997,not_harmful
weirdchallenge,https://www.tiktok.com/@jennahleland?lang=en,harmful
learning,https://www.tiktok.com/@kissenglish?lang=en,not_harmful
travel,https://www.tiktok.com/@andreiiiiitaaaa2/video/7496196752878390550,not_harmful
bạo_lực,https://www.tiktok.com/@nghhiiaa?lang=en,harmful
gáixinh,https://www.tiktok.com/@da.khng.ht10/video/7553134509823118599,harmful
tín_dụng_đen,https://www.tiktok.com/@vtin247/video/7545318356971261192,harmful
selfcare,https://www.tiktok.com/@chip.au/video/7522447897338580242,not_harmful
study,https://www.tiktok.com/@clouddoris13/video/7512362674554998034,not_harmful
reviewphim,https://www.tiktok.com/@talusreview47/video/7540651768586226966,not_harmful
volunteer,https://www.tiktok.com/@color_tour?lang=en,not_harmful
alcohol,https://www.tiktok.com/@psychologiacal?lang=en,harmful
comedy,https://www.tiktok.com/@millihoppa?lang=en,not_harmful
giadinh,https://www.tiktok.com/@_ctn1908/video/7560173463994977543,not_harmful
vape,https://www.tiktok.com/@cristine.alora?lang=en,harmful
superstition,https://www.tiktok.com/@tressuni/video/7506952543235362094,harmful
bói_bài,https://www.tiktok.com/@nhuybaitay?lang=en,harmful
car,https://www.tiktok.com/@vanessaabnka/video/7425577276634369286,not_harmful
tech,https://www.tiktok.com/@aki_saw_myballs/video/7522113164843044114,not_harmful
ancungtiktok,https://www.tiktok.com/@theman.net?lang=en,not_harmful
diy,https://www.tiktok.com/@dutadiy/video/7568476777799109895,not_harmful
car,https://www.tiktok.com/@bg.com02/video/7567981685841595669,not_harmful
scandal,https://www.tiktok.com/@cauhaidigital?lang=en,harmful
chửi,https://www.tiktok.com/@myhien.1206/video/7556096151439576338,harmful
scandal,https://www.tiktok.com/@atoz_074/video/7218931313078816001,harmful
18plus,https://www.tiktok.com/@csaba730213?lang=en,harmful
lừa_đảo,https://www.tiktok.com/@nkn.0705/video/7522767941373332743,harmful
volunteer,https://www.tiktok.com/@tmpth311,not_harmful
fakenews,https://www.tiktok.com/@theanh28trending/video/7569836672792218888,harmful
rượu,https://www.tiktok.com/@amthuctrunghoa02/video/7204292459667442971,harmful
study,https://www.tiktok.com/@vuhieu0912,not_harmful
nature,https://www.tiktok.com/@uespiiiii.1115/video/7395256496524676360,not_harmful
meditation,https://www.tiktok.com/@jennychenny888?lang=en,not_harmful
sport,https://www.tiktok.com/@_adam_.eva_/video/7567205229570149640,not_harmful
quotes,https://www.tiktok.com/@_laurylchem/video/7525123259017448722,not_harmful
fortuneteller,https://www.tiktok.com/@babyriri?lang=en,harmful
diy,https://www.tiktok.com/@baekkum?lang=en,not_harmful
garden,https://www.tiktok.com/@bachdiep28088/video/7568834381054233874,not_harmful
makeup,https://www.tiktok.com/@hoangthachthao_?lang=en,not_harmful
psychic,https://www.tiktok.com/@gmapublicaffairs/video/7423415108623207687,harmful
toxic,https://www.tiktok.com/@k.toxic67/video/7563072592697888018,harmful
giadinh,https://www.tiktok.com/@vochongbinhanh?lang=en,not_harmful
book,https://www.tiktok.com/@esmeinghamreads?lang=en,not_harmful
selfcare,https://www.tiktok.com/@cherridii?lang=en,not_harmful
shockcontent,https://www.tiktok.com/@sorai2.0/video/7544698731430546710,harmful
congnghe,https://www.tiktok.com/@suthatkhoahocc/video/7569579378082991368,not_harmful
sexy,https://www.tiktok.com/@h.nhi8264?lang=en,harmful
review,https://www.tiktok.com/@knh.to.lao17/video/7525673266543922439,not_harmful
art,https://www.tiktok.com/@mottt326/video/7479621087907843346,not_harmful
18plus,https://www.tiktok.com/@quocthien567/video/7263507867200736520,harmful
comedy,https://www.tiktok.com/@kionthegreat1_?lang=en,not_harmful
travel,https://www.tiktok.com/@dmwuans?lang=en,not_harmful
reactiondrama,https://www.tiktok.com/@chreselanne?lang=en,harmful
music,https://www.tiktok.com/@nobi_ta25?lang=en,not_harmful
weirdchallenge,https://www.tiktok.com/@poutineandpints?lang=en,harmful
sachhay,https://www.tiktok.com/@chungtadoctieuthuyet/video/7356545550470221072,not_harmful
kiss,https://www.tiktok.com/@itsariannetorres/video/7547394212048751927,harmful
meditation,https://www.tiktok.com/@iamlarasophiee?lang=en,not_harmful
environment,https://www.tiktok.com/@giuliogroebert/video/7342211327366155552,not_harmful
tarotreading,https://www.tiktok.com/@katherine_tarot?lang=en,harmful
plant,https://www.tiktok.com/@ekrishigyan/video/7538257074946411783,not_harmful
giadinh,https://www.tiktok.com/@samreview2505/video/7393690153467841809,not_harmful
reviewphim,https://www.tiktok.com/@veekreview?lang=en,not_harmful
body,https://www.tiktok.com/@shinebrightly_07?lang=en,harmful
hầu_đồng,https://www.tiktok.com/@tuphuvanlinhhn/video/7568848154838437127,harmful
đòi_nợ,https://www.tiktok.com/@khuabantom/video/7450357964239654151,harmful
car,https://www.tiktok.com/@vios146/video/7567550829784272149,not_harmful
rượu,https://www.tiktok.com/@giang_tuu?lang=en,harmful
bay_lắc,https://www.tiktok.com/@thuy.trang_15?lang=en,harmful
lừa_đảo,https://www.tiktok.com/@2sao.vn/video/7534924558919322900,harmful
seductive,https://www.tiktok.com/@brawly.star3?lang=en,harmful
study,https://www.tiktok.com/@mt101209?lang=en,not_harmful
lifehack,https://www.tiktok.com/@lifehack0_00/video/7563038147659992342,not_harmful
podchill,https://www.tiktok.com/@chuyenkenam2020/video/7261539831631580417,harmful
flirt,https://www.tiktok.com/@ho.un.video.per.te/video/7556981169280027926,harmful
weirdchallenge,https://www.tiktok.com/@lolaaa.nixxx,harmful
flirt,https://www.tiktok.com/@cyrii._01/video/7549791783333514503,harmful
bikini,https://www.tiktok.com/@halai.131198/video/7569257602354351381,harmful
trippy,https://www.tiktok.com/@trippyregime.420,harmful
smoking,https://www.tiktok.com/@gata2reis/video/7017870937232018693,harmful
meditation,https://www.tiktok.com/@nikki.neisler?lang=en,not_harmful
car,https://www.tiktok.com/@turbotallks?lang=en,not_harmful
food,https://www.tiktok.com/@stoney_choi?lang=en,not_harmful
reactiondrama,https://www.tiktok.com/@ecolibae?lang=en,harmful
streetfight,https://www.tiktok.com/@kungfu_defense98/video/7493421497998920991,harmful
nauan,https://www.tiktok.com/@comnhamechip/video/7553134540022123794,not_harmful
fashion,https://www.tiktok.com/@chillhenh96/video/7276026336433474817,not_harmful
nauan,https://www.tiktok.com/@nauan.eafc/video/7562326266200722695,not_harmful
lingerie,https://www.tiktok.com/@photoshootchanel?lang=en,harmful
meditation,https://www.tiktok.com/@phongsuongmusic/video/7564039272676773127,not_harmful
volunteer,https://www.tiktok.com/@canvakhongphe.toiphe?lang=en,not_harmful
ghosthunting,https://www.tiktok.com/@rexramosgascon?lang=en,harmful
lừa_đảo,https://www.tiktok.com/@tintucthoi.work?lang=en,harmful
bikini,https://www.tiktok.com/@noirepink/video/7499155826171579678,harmful
makeup,https://www.tiktok.com/@puong_zi/video/7529528784588901640,not_harmful
pet,https://www.tiktok.com/@nhieugarden1999?lang=en,not_harmful
hầu_đồng,https://www.tiktok.com/@cauquan_phongthuy/video/7569553527958162696,harmful
congnghe,https://www.tiktok.com/@04170418mingnu/video/7385918606371998983,not_harmful
reactiondrama,https://www.tiktok.com/@film.factoryyy/video/7563968072944602375,harmful
tech,https://www.tiktok.com/@ai.khanh171?lang=en,not_harmful
body,https://www.tiktok.com/@dhiu08_/video/7549781449549892880,harmful
motivation,https://www.tiktok.com/@abul_salman/video/7220770853871504642,not_harmful
ghosthunting,https://www.tiktok.com/@bob_the_tortuga?lang=en,harmful
recipe,https://www.tiktok.com/@trangnauandongian?lang=en,not_harmful
ghosthunting,https://www.tiktok.com/@jiado._?lang=en,harmful
lingerie,https://www.tiktok.com/@phiaaabudolfinds?lang=en,harmful
environment,https://www.tiktok.com/@habibdrawingschool/video/7552410799239744784,not_harmful
chửi,https://www.tiktok.com/@trumtcff2010s?lang=en,harmful
plant,https://www.tiktok.com/@nast_teo?lang=en,not_harmful
tech,https://www.tiktok.com/@dacduyvuong1/video/7553143738365742357,not_harmful
diy,https://www.tiktok.com/@tomobox77/video/7226552341078625563,not_harmful
trippy,https://www.tiktok.com/@chillvibes3699/video/7480637178822053166,harmful
superstition,https://www.tiktok.com/@tahminatalks?lang=en,harmful
toxic,https://www.tiktok.com/@itsmecuaa_mh/video/7553599186663509255,harmful
environment,https://www.tiktok.com/@ieltswithcharles/video/7104644258044316954,not_harmful
darkhumor,https://www.tiktok.com/@1khovenucuoi_/video/7429937386093612304,harmful
phóng_lợn,https://www.tiktok.com/@nhinhcaidaubamaycac/video/7545080881329818901,harmful
prankgonewrong,https://www.tiktok.com/@cindysauceda21?lang=en,harmful
education,https://www.tiktok.com/@maritimemidnight?lang=en,not_harmful
funny,https://www.tiktok.com/@vdhgeh64?lang=en,not_harmful
lifehack,https://www.tiktok.com/@evs_family_hack/video/7562251486936190238,not_harmful
family,https://www.tiktok.com/@duc.qiiii/video/7549870348028661010,not_harmful
pet,https://www.tiktok.com/@_liuliune?lang=en,not_harmful
troll,https://www.tiktok.com/@anthi_daynek/video/7450898187801382160,harmful
makeup,https://www.tiktok.com/@tiktokcuaboo/video/7398870455051996424,not_harmful
giadinh,https://www.tiktok.com/@ba.m.l.pht.sng.ca/video/7540694966771698952,not_harmful
bay_lắc,https://www.tiktok.com/@vietnamnet.vn/video/7221021103748091137,harmful
scandal,https://www.tiktok.com/@superherrow1?lang=en,harmful
tarotreading,https://www.tiktok.com/@tarotreading5769/video/7569135277877267732,harmful
coding,https://www.tiktok.com/@dr.gifter306/video/7556932231663586578,not_harmful
chửi,https://www.tiktok.com/@sontinhvideo/video/6964555706536185090,harmful
garden,https://www.tiktok.com/@duongduong98988/video/7495751483191758088,not_harmful
chửi_thề,https://www.tiktok.com/@tiktokk864?lang=en,harmful
ancungtiktok,https://www.tiktok.com/@ngocly2608/video/7257102165666254086,not_harmful
travel,https://www.tiktok.com/@loannnneee?lang=en,not_harmful
phóng_lợn,https://www.tiktok.com/@hankphingornzl/video/7072558804294012187,harmful
nature,https://www.tiktok.com/@switzerland.holiday/video/7171899698289069317,not_harmful
makeup,https://www.tiktok.com/@forsurprise,not_harmful
sport,https://www.tiktok.com/@mayruaxegiare?lang=en,not_harmful
travel,https://www.tiktok.com/@flyup_vn?lang=en,not_harmful
coding,https://www.tiktok.com/@goituilaluis/video/7526457789351300370,not_harmful
funny,https://www.tiktok.com/@lp899_/video/7568469518465469703,not_harmful
motivation,https://www.tiktok.com/@mp.sigma999?lang=en,not_harmful
gai18,https://www.tiktok.com/@yiyinnn2000?lang=en,harmful
review,https://www.tiktok.com/@cicicosmetic1?lang=en,not_harmful
gọi_hồn,https://www.tiktok.com/@chicano487/video/7569122163601575188,harmful
streetfight,https://www.tiktok.com/@dailykentoy?lang=en,harmful
game,https://www.tiktok.com/@anhnongdan2304?lang=en,not_harmful
lingerie,https://www.tiktok.com/@melingerie.s2?lang=en,harmful
mê_tín_dị_đoan,https://www.tiktok.com/@tuan.do9125?lang=en,harmful
weirdchallenge,https://www.tiktok.com/@keytowisdom9?lang=en,harmful
bikini,https://www.tiktok.com/@beautifulgirlsdouyin/video/7509893225784544519,harmful
funny,https://www.tiktok.com/@weirdvideos1?lang=en,not_harmful
recipe,https://www.tiktok.com/@majasrecipes?lang=en,not_harmful
meditation,https://www.tiktok.com/@akoibanag1022?lang=en,not_harmful
tín_dụng_đen,https://www.tiktok.com/@v.ngc657,harmful
plant,https://www.tiktok.com/@vomanhquan123?lang=en,not_harmful
funny,https://www.tiktok.com/@hun._.hahaha?lang=en,not_harmful
prankgonewrong,https://www.tiktok.com/@marvelouspranks?lang=en,harmful
dog,https://www.tiktok.com/@slotpgno11?lang=en,not_harmful
phóng_lợn,https://www.tiktok.com/@ngthaianh0209?lang=en,harmful
travelvlog,https://www.tiktok.com/@lana23.11/video/7450112190981459208,not_harmful
nature,https://www.tiktok.com/@luugiabao222/video/7501702799604845832,not_harmful
tarotreading,https://www.tiktok.com/@noraapollo/video/7496139994164153616,harmful
bói_toán,https://www.tiktok.com/@sachbuachu.2020_2025?lang=en,harmful
family,https://www.tiktok.com/@joandkemp?lang=en,not_harmful
music,https://www.tiktok.com/@418937181nt?lang=en,not_harmful
book,https://www.tiktok.com/@user120946471312/video/7328225613720915242,not_harmful
thethao,https://www.tiktok.com/@sport190504/video/7251530189107186949,not_harmful
travel,https://www.tiktok.com/@hallohavi/video/7480414054746443016,not_harmful
bikini,https://www.tiktok.com/@thembunbohuez?lang=en,harmful
ghosthunting,https://www.tiktok.com/@mq_studio17?lang=en,harmful
toxic,https://www.tiktok.com/@k.toxic67?lang=en,harmful
kiss,https://www.tiktok.com/@eannamariz?lang=en,harmful
ghosthunting,https://www.tiktok.com/@rexramosgascon/video/7402203440635546897,harmful
inspiration,https://www.tiktok.com/@pitafoenrvb?lang=en,not_harmful
garden,https://www.tiktok.com/@kemrobloxx3?lang=en,not_harmful
smoking,https://www.tiktok.com/@elislateq/video/7067851455159356673,harmful
inspiration,https://www.tiktok.com/@motivationalhub.01?lang=en,not_harmful
phóng_lợn,https://www.tiktok.com/@_yahan007?lang=en,harmful
reactiondrama,https://www.tiktok.com/@cdrama_obsessed/video/7556929081997118728,harmful
thethao,https://www.tiktok.com/@24h.sports/video/7557948816335375633,not_harmful
psychic,https://www.tiktok.com/@psychiclove_therapy?lang=en,harmful
gọi_hồn,https://www.tiktok.com/@www.tiktok.hoangthiem?lang=en,harmful
xem_bói,https://www.tiktok.com/@jangami141291/video/7369983474758962452,harmful
18plus,https://www.tiktok.com/@phuc.gia.1901/video/7523581924573596946,harmful
bóc_phốt,https://www.tiktok.com/@thy.lyn2/video/7540206035408129288,harmful
seductive,https://www.tiktok.com/@kathpi1rce/video/7556165776164523320,harmful
podchill,https://www.tiktok.com/@dat_tita?lang=en,harmful
bạo_lực,https://www.tiktok.com/@phamthithuymen?lang=en,harmful
selfcare,https://www.tiktok.com/@xiaohongshugb/video/7482166658669301047,not_harmful
fortuneteller,https://www.tiktok.com/@eastern.metaphysician?lang=en,harmful
volunteer,https://www.tiktok.com/@volunteerforeducation/video/7518415340880153877,not_harmful
thuthach,https://www.tiktok.com/@tdhthuthachbanthan/video/7569578993620356369,harmful
lừa_đảo,https://www.tiktok.com/@we25.vn/video/7515290299069975826,harmful
family,https://www.tiktok.com/@seriusss_?lang=en,not_harmful
body,https://www.tiktok.com/@bodyguardvilmei?lang=en,harmful
scandal,https://www.tiktok.com/@jinhitthu?lang=en,harmful
music,https://www.tiktok.com/@romsorphornriza/video/7559794458783386887,not_harmful
seductive,https://www.tiktok.com/@xyrielmanabat_/video/7552118518054014215,harmful
motivation,https://www.tiktok.com/@calus.0/video/7557456293020044552,not_harmful
chửi,https://www.tiktok.com/@tramsuy25?lang=en,harmful
bay_lắc,https://www.tiktok.com/@thegioibaybum/video/7557325704220740872,harmful
gọi_hồn,https://www.tiktok.com/@vui_khoe_moi_ngay/video/7514579618754612487,harmful
congnghe,https://www.tiktok.com/@dongthuu_?lang=en,not_harmful
diy,https://www.tiktok.com/@jerryxamxii?lang=en,not_harmful
fakenews,https://www.tiktok.com/@rajab.family5701/video/7460117190876892434,harmful
plant,https://www.tiktok.com/@heaven.on.earth1997?lang=en,not_harmful
study,https://www.tiktok.com/@_studygram21?lang=en,not_harmful
bay_lắc,https://www.tiktok.com/@karaoketayvin.696/video/7561878225308126471,harmful
shockcontent,https://www.tiktok.com/@gali.golann/video/7443778363321371950,harmful
family,https://www.tiktok.com/@cuisines22/video/7467955205750017313,not_harmful
alcohol,https://www.tiktok.com/@alexxmarco/video/7554474781618310422,harmful
weirdchallenge,https://www.tiktok.com/@arcade_matt/video/6761860031563664645,harmful
giadinh,https://www.tiktok.com/@sungalon_209?lang=en,not_harmful
nature,https://www.tiktok.com/@megaamerican/video/7302310711923903787,not_harmful
bạo_lực,https://www.tiktok.com/@kieuhoai_94?lang=en,harmful
makeup,https://www.tiktok.com/@tomthichanbanh/video/7525485564682980615,not_harmful
giadinh,https://www.tiktok.com/@minhkhanq06/video/7526593325936299271,not_harmful
chửi_thề,https://www.tiktok.com/@nhunqhuynh0910/video/7284950785354484994,harmful
xem_bói,https://www.tiktok.com/@xuandiendao/video/7475211342207536391,harmful
inspiration,https://www.tiktok.com/@vibe_tu/video/7480616275564154154,not_harmful
vape,https://www.tiktok.com/@minhphat0711,harmful
giadinh,https://www.tiktok.com/@samreview2505?lang=en,not_harmful
seductive,https://www.tiktok.com/@aibikinibabes?lang=en,harmful
alcohol,https://www.tiktok.com/@yngsaint/video/7374219002505202976,harmful
fight,https://www.tiktok.com/@dgpn.official/video/7533641216588549377,harmful
thucung,https://www.tiktok.com/@beo_288/video/7565730884930866452,not_harmful
environment,https://www.tiktok.com/@julietperante?lang=en,not_harmful
seductive,https://www.tiktok.com/@jaysayat2?lang=en,harmful
healthy,https://www.tiktok.com/@healthgrowthy?lang=en,not_harmful
congnghe,https://www.tiktok.com/@septemberstore01?lang=en,not_harmful
thethao,https://www.tiktok.com/@24h.sports/video/7540506141835529479,not_harmful
diy,https://www.tiktok.com/@mimikheotay09?lang=en,not_harmful
art,https://www.tiktok.com/@b.bett.art_/video/7502609154318650642,not_harmful
thethao,https://www.tiktok.com/@24h.sports/video/7561754441381137685,not_harmful
seductive,https://www.tiktok.com/@fnknwqbicjt/video/7543302327793356045,harmful
reactiondrama,https://www.tiktok.com/@keeho.simp,harmful
reviewphim,https://www.tiktok.com/@nnt_movies/video/7567965478388337934,not_harmful
funny,https://www.tiktok.com/@furball.diary?lang=en,not_harmful
healthy,https://www.tiktok.com/@seedhealthy.food/video/7569509839345356040,not_harmful
music,https://www.tiktok.com/@ndmusic36?lang=en,not_harmful
đánh_nhau,https://www.tiktok.com/@dantri.com.vn/video/7205418068825230594,harmful
thethao,https://www.tiktok.com/@dieulinh20.04?lang=en,not_harmful
congnghe,https://www.tiktok.com/@vanthang15_09_2007?lang=en,not_harmful
education,https://www.tiktok.com/@codex_mind/video/7562531922430151991,not_harmful
plant,https://www.tiktok.com/@flowerlovers48?lang=en,not_harmful
makeup,https://www.tiktok.com/@hongphuccccc0?lang=en,not_harmful
scam,https://www.tiktok.com/@callmejackie9/video/7536930651707051284,harmful
fight,https://www.tiktok.com/@oniven/video/7449284047391427846,harmful
car,https://www.tiktok.com/@finn.hou?lang=en,not_harmful
motivation,https://www.tiktok.com/@opuleance?lang=en,not_harmful
study,https://www.tiktok.com/@tuilatlinhhne_/video/7567351800374791432,not_harmful
tarotreading,https://www.tiktok.com/@tarotreading5769?lang=en,harmful
sexy,https://www.tiktok.com/@tarahjgowqz/video/7517584102053219602,harmful
hầu_đồng,https://www.tiktok.com/@huyenquang279986?lang=en,harmful
bói_bài,https://www.tiktok.com/@minh.phng.tarot?lang=en,harmful
sachhay,https://www.tiktok.com/@sachhay7days_official/video/7225571370858564870,not_harmful
ghosthunting,https://www.tiktok.com/@john.lee.wildlife?lang=en,harmful
sexy,https://www.tiktok.com/@its__me__jdmboy1/video/7196326533550607643,harmful
bullying,https://www.tiktok.com/@mikiyuuzmuse?lang=en,harmful
gáixinh,https://www.tiktok.com/@cuonthenhi/video/7565753678217399559,harmful
environment,https://www.tiktok.com/@youngdream.team?lang=en,not_harmful
xem_bói,https://www.tiktok.com/@doanvanmenhquabantay?lang=en,harmful
bóc_phốt,https://www.tiktok.com/@voicechatgenz?lang=en,harmful
tarotreading,https://www.tiktok.com/@linhlinh511/video/7569297271230074130,harmful
lừa_đảo,https://www.tiktok.com/@54321kata/video/7521198946165869842,harmful
selfcare,https://www.tiktok.com/@chuxdiary/video/7502380209782476040,not_harmful
art,https://www.tiktok.com/@josesh_in_a_nutshell/video/7567680277015809298,not_harmful
toxic,https://www.tiktok.com/@men.men.chua.67.36?lang=en,harmful
travelvlog,https://www.tiktok.com/@jaegentan/video/7443062211477507348,not_harmful
study,https://www.tiktok.com/@iamphlonggg?lang=en,not_harmful
congnghe,https://www.tiktok.com/@gatongday/video/7566641160232439048,not_harmful
fashion,https://www.tiktok.com/@rumseven?lang=en,not_harmful
recipe,https://www.tiktok.com/@bon.tq1/video/7468628859911539969,not_harmful
fashion,https://www.tiktok.com/@angelinazhq?lang=en,not_harmful
kiss,https://www.tiktok.com/@baorlongsunhk/video/7352438315771071760,harmful
congnghe,https://www.tiktok.com/@nth.review/video/7496108795001687303,not_harmful
volunteer,https://www.tiktok.com/@itsandrewday/video/7254411095757131013,not_harmful
travel,https://www.tiktok.com/@lameemee?lang=en,not_harmful
meditation,https://www.tiktok.com/@mocannhientherapy/video/7523775623681084693,not_harmful
kiss,https://www.tiktok.com/@rafty.zzz/video/7554427765735296274,harmful
drama,https://www.tiktok.com/@rafournine?lang=en,harmful
scam,https://www.tiktok.com/@aicangdtgib/video/7567549986045627666,harmful
tech,https://www.tiktok.com/@vietanh.videoeditor/video/7568519640964402440,not_harmful
game,https://www.tiktok.com/@anhnongdan2304/video/7199073299714837787,not_harmful
ancungtiktok,https://www.tiktok.com/@batanvlog01?lang=en,not_harmful
bikini,https://www.tiktok.com/@lauraboron_?lang=en,harmful
bay_lắc,https://www.tiktok.com/@24th4_201?lang=en,harmful
streetfight,https://www.tiktok.com/@rvc.vn/video/7511653483351739655,harmful
tarotreading,https://www.tiktok.com/@vittarott/video/7569179113219443989,harmful
education,https://www.tiktok.com/@medical_universe_3d/video/7522570374983208222,not_harmful
music,https://www.tiktok.com/@nhaccover0102?lang=en,not_harmful
flirt,https://www.tiktok.com/@luvtovah?lang=en,harmful
troll,https://www.tiktok.com/@truong.trip?lang=en,harmful
xem_bói,https://www.tiktok.com/@onghoanvlog5/video/7351974730435546385,harmful
prankgonewrong,https://www.tiktok.com/@shjgoodjstrb?lang=en,harmful
volunteer,https://www.tiktok.com/@boreshamaishaprojects?lang=en,not_harmful
thethao,https://www.tiktok.com/@nekomamusi98?lang=en,not_harmful
tarotreading,https://www.tiktok.com/@rin_chameleon/video/7544440964786572552,harmful
bói_toán,https://www.tiktok.com/@dacsanmientay3659?lang=en,harmful
lifehack,https://www.tiktok.com/@lifehackcrafting/video/7250058307040251163,not_harmful
alcohol,https://www.tiktok.com/@anu.anu.everywhere?lang=en,harmful
scam,https://www.tiktok.com/@beatbloxfruit?lang=en,harmful
nature,https://www.tiktok.com/@swag.oji/video/7557191926450097438,not_harmful
game,https://www.tiktok.com/@eang1688?lang=en,not_harmful
selfcare,https://www.tiktok.com/@xiaohongshugb?lang=en,not_harmful
education,https://www.tiktok.com/@kidi_fun_video?lang=en,not_harmful
environment,https://www.tiktok.com/@zeroplasticwaste/video/7338273204961692929,not_harmful
pet,https://www.tiktok.com/@nhaqueskibidi/video/7510510194762337543,not_harmful
trippy,https://www.tiktok.com/@trippytechnoguy?lang=en,harmful
đòi_nợ,https://www.tiktok.com/@_taichinh4.0?lang=en,harmful
drama,https://www.tiktok.com/@aespa_official/video/7369596248657071368,harmful
diy,https://www.tiktok.com/@hoai_decor/video/7559195903412718856,not_harmful
superstition,https://www.tiktok.com/@midnightarchive5/video/7304609723603537183,harmful
body,https://www.tiktok.com/@ngocphucc/video/7509041136078523656,harmful
lừa_đảo,https://www.tiktok.com/@truongnamcao/video/7569071939407351058,harmful
troll,https://www.tiktok.com/@12a5phungoc/video/7432277730810514695,harmful
sport,https://www.tiktok.com/@chungpa92?lang=en,not_harmful
sachhay,https://www.tiktok.com/@sachhay.vi/video/7561661547517381895,not_harmful
environment,https://www.tiktok.com/@msthuy?lang=en,not_harmful
study,https://www.tiktok.com/@clouddoris13?lang=en,not_harmful
bikini,https://www.tiktok.com/@seven_0207/video/7246722106497568005,harmful
thuthach,https://www.tiktok.com/@xuanphuoc1803/video/7566968692932660487,harmful
prankgonewrong,https://www.tiktok.com/@real.solution8,harmful
shockcontent,https://www.tiktok.com/@spil_produk14/video/7238662223869037829,harmful
podchill,https://www.tiktok.com/@b.gi741?lang=en,harmful
study,https://www.tiktok.com/@tatsukizeirishi?lang=en,not_harmful
book,https://www.tiktok.com/@thichdocsach_204?lang=en,not_harmful
food,https://www.tiktok.com/@seabinoo7/video/7568043330957872404,not_harmful
đòi_nợ,https://www.tiktok.com/@doinonguyengia/video/7243669199170587909,harmful
đánh_nhau,https://www.tiktok.com/@ling.emm/video/7203688726915026202,harmful
cat,https://www.tiktok.com/@thepetnest01/video/7534803161425513742,not_harmful
healthy,https://www.tiktok.com/@naturequick/video/7483838190327991570,not_harmful
fashion,https://www.tiktok.com/@ceohangtran.official?lang=en,not_harmful
fashion,https://www.tiktok.com/@hmcwl/video/7437839883328326958,not_harmful
bóc_phốt,https://www.tiktok.com/@gheconhan/video/7548042172264697096,harmful
plant,https://www.tiktok.com/@planttag/video/7569652864969149716,not_harmful
pet,https://www.tiktok.com/@tuqo171117/video/7377759636012731666,not_harmful
bikini,https://www.tiktok.com/@hoabnhbao?lang=en,harmful
selfcare,https://www.tiktok.com/@tyberry_?lang=en,not_harmful
đòi_nợ,https://www.tiktok.com/@dao12324?lang=en,harmful
vape,https://www.tiktok.com/@detikcom/video/7317931131200900358,harmful
bikini,https://www.tiktok.com/@khanhlinh_202_202?lang=en,harmful
pet,https://www.tiktok.com/@nhieugarden1999/video/7567721236894076178,not_harmful
vape,https://www.tiktok.com/@cbdnhatban?lang=en,harmful
chửi,https://www.tiktok.com/@nobituong?lang=en,harmful
volunteer,https://www.tiktok.com/@elfblueeyes/video/7063098208704154907,not_harmful
bạo_lực,https://www.tiktok.com/@nhaluna2024?lang=en,harmful
rượu,https://www.tiktok.com/@ducthanh300699/video/7260126436827188481,harmful
food,https://www.tiktok.com/@yuriblueee/video/7532785493906296072,not_harmful
art,https://www.tiktok.com/@meoka_.art?lang=en,not_harmful
tarotreading,https://www.tiktok.com/@richantarot197/video/7567606432015666450,harmful
bạo_lực,https://www.tiktok.com/@thoangvekodep/video/7556586162727521544,harmful
travel,https://www.tiktok.com/@xhengtey?lang=en,not_harmful
learning,https://www.tiktok.com/@hungxinchao_/video/7540183172424699137,not_harmful
troll,https://www.tiktok.com/@lm.video.ai.min.p/video/7524709731458436370,harmful
art,https://www.tiktok.com/@mihai.fashion?lang=en,not_harmful
trippy,https://www.tiktok.com/@lllusionhypnosis?lang=en,harmful
science,https://www.tiktok.com/@tramhocreal?lang=en,not_harmful
hầu_đồng,https://www.tiktok.com/@thayducdenongbay?lang=en,harmful
comedy,https://www.tiktok.com/@royacomedy?lang=en,not_harmful
lingerie,https://www.tiktok.com/@hn.rare.collection/video/7540118258117053704,harmful
healthy,https://www.tiktok.com/@sakana80141/video/7391436570538167572,not_harmful
darkhumor,https://www.tiktok.com/@odinseyeofficial/video/7566771849519025439,harmful
lừa_đảo,https://www.tiktok.com/@hanoinews.theanh28/video/7505034641829645569,harmful
bói_bài,https://www.tiktok.com/@kyophamdo/video/7249169493677608197,harmful
book,https://www.tiktok.com/@esmeinghamreads/video/7556311683736685846,not_harmful
alcohol,https://www.tiktok.com/@therealsabidoctor/video/7120301965883526406,harmful
18plus,https://www.tiktok.com/@doonungsaihua?lang=en,harmful
alcohol,https://www.tiktok.com/@fndm342?lang=en,harmful
bay_lắc,https://www.tiktok.com/@gau_nga_2023?lang=en,harmful
game,https://www.tiktok.com/@supervinzt/video/7550998232495607047,not_harmful
tín_dụng_đen,https://www.tiktok.com/@tie.08?lang=en,harmful
study,https://www.tiktok.com/@cojostudy/video/7565606863312604472,not_harmful
music,https://www.tiktok.com/@ellyricssss/video/7561974925238471943,not_harmful
game,https://www.tiktok.com/@eang1688/video/7466105792173739284,not_harmful
music,https://www.tiktok.com/@jkmusic_avee/video/7368071318736063762,not_harmful
gáixinh,https://www.tiktok.com/@casosad2405/video/7489689214158769413,harmful
rượu,https://www.tiktok.com/@nguyenbieusiberia/video/7555425761386040584,harmful
game,https://www.tiktok.com/@khang.edit.k12.384?lang=en,not_harmful
game,https://www.tiktok.com/@gamehumanskeleton?lang=en,not_harmful
lingerie,https://www.tiktok.com/@melingerie.s1/video/7566269014763228424,harmful
thucung,https://www.tiktok.com/@jtrlhn.ezgg/video/7410626364086177031,not_harmful
car,https://www.tiktok.com/@exoticcarsdubai?lang=en,not_harmful
toxic,https://www.tiktok.com/@dphongg_04/video/7561073392623914261,harmful
thuthach,https://www.tiktok.com/@dangcancook.gymmoments/video/7569869300027149589,harmful
phóng_lợn,https://www.tiktok.com/@kiet.con15?lang=en,harmful
ghosthunting,https://www.tiktok.com/@drewbinsky/video/7568614683691715852,harmful
bóc_phốt,https://www.tiktok.com/@kimnguyet8585?lang=en,harmful
motivation,https://www.tiktok.com/@dailyboostyou?lang=en,not_harmful
motivation,https://www.tiktok.com/@nguynhihihi4?lang=en,not_harmful
reviewphim,https://www.tiktok.com/@vy_dep_zai/video/7539782370954693906,not_harmful
body,https://www.tiktok.com/@girlbeautyful7?lang=en,harmful
sexy,https://www.tiktok.com/@arlndreamae223?lang=en,harmful
travel,https://www.tiktok.com/@yesoonjisoon1011?lang=en,not_harmful
fakenews,https://www.tiktok.com/@coginewsasia?lang=en,harmful
podchill,https://www.tiktok.com/@minhduc47?lang=en,harmful
food,https://www.tiktok.com/@thaolinhr.v/video/7524294851026898192,not_harmful
bullying,https://www.tiktok.com/@theanh28entertainment?lang=en,harmful
troll,https://www.tiktok.com/@mavaphu9x/video/6999971853833948442,harmful
motivation,https://www.tiktok.com/@jpoxi_motivation?lang=en,not_harmful
đánh_nhau,https://www.tiktok.com/@catmeme_3588?lang=en,harmful
bikini,https://www.tiktok.com/@xoainon447?lang=en,harmful
makeup,https://www.tiktok.com/@hatrangcosmeticqn/video/7388580719611743506,not_harmful
fight,https://www.tiktok.com/@manishasunar055,harmful
selfcare,https://www.tiktok.com/@chippp18012011/video/7516886202285493511,not_harmful
scandal,https://www.tiktok.com/@olitzapologist?lang=en,harmful
plant,https://www.tiktok.com/@planto.lb/video/7558537446305107207,not_harmful
phóng_lợn,https://www.tiktok.com/@phuocdiwinnerlo?lang=en,harmful
toxic,https://www.tiktok.com/@sinie.ahhh/video/7391853030364204295,harmful
quotes,https://www.tiktok.com/@rsnntcsn/video/7335763513836686597,not_harmful
funny,https://www.tiktok.com/@funny_animal_videos_1?lang=en,not_harmful
diy,https://www.tiktok.com/@huydiyche_2025?lang=en,not_harmful
kiss,https://www.tiktok.com/@mua.hu?lang=en,harmful
tech,https://www.tiktok.com/@anhlabobi/video/7543839319144877313,not_harmful
sachhay,https://www.tiktok.com/@sachhay.moingay3/video/7525290290274503943,not_harmful
bay_lắc,https://www.tiktok.com/@xiaomi4857/video/7555298734133873938,harmful
drama,https://www.tiktok.com/@511pm2/video/7482891501656231175,harmful
kiss,https://www.tiktok.com/@foreverhissgirl/video/7502834252371725573,harmful
travel,https://www.tiktok.com/@rylluuuuuh/video/7372959248441003270,not_harmful
motivation,https://www.tiktok.com/@visionluxury8/video/7496945851625950472,not_harmful
learning,https://www.tiktok.com/@vietnamtodaylearningeng?lang=en,not_harmful
sport,https://www.tiktok.com/@selvasis_?lang=en,not_harmful
đòi_nợ,https://www.tiktok.com/@mnftamsu?lang=en,harmful
troll,https://www.tiktok.com/@flux.forge?lang=en,harmful
meditation,https://www.tiktok.com/@your.stillness.within/video/7549497824115772694,not_harmful
funny,https://www.tiktok.com/@trummemes86/video/7487920639739776286,not_harmful
giadinh,https://www.tiktok.com/@dinhn_gd/video/7559869493669891346,not_harmful
smoking,https://www.tiktok.com/@birumonyet05/video/7377230244375203078,harmful
superstition,https://www.tiktok.com/@miyuki.1028/video/7434255767869443336,harmful
troll,https://www.tiktok.com/@minezzjj?lang=en,harmful
alcohol,https://www.tiktok.com/@nicoleparks_kpop_stan/video/7503503655669091592,harmful
recipe,https://www.tiktok.com/@wolfalexanderl?lang=en,not_harmful
travelvlog,https://www.tiktok.com/@sapacogi.officially/video/7569839790913342740,not_harmful
lingerie,https://www.tiktok.com/@jenln_/video/7561138956331502856,harmful
chửi_thề,https://www.tiktok.com/@trson11?lang=en,harmful
fashion,https://www.tiktok.com/@tenten_fashion?lang=en,not_harmful
volunteer,https://www.tiktok.com/@.th.mi15/video/7544291403333930258,not_harmful
drama,https://www.tiktok.com/@drama.korea.viral2?lang=en,harmful
thuthach,https://www.tiktok.com/@phuoc_lay9x?lang=en,harmful
book,https://www.tiktok.com/@zennova__?lang=en,not_harmful
quotes,https://www.tiktok.com/@yumayknowcacicut?lang=en,not_harmful
sachhay,https://www.tiktok.com/@docsachtothon?lang=en,not_harmful
book,https://www.tiktok.com/@mrbestfriendsraccoon,not_harmful
learning,https://www.tiktok.com/@goc_.nho/video/7562816518665325842,not_harmful
science,https://www.tiktok.com/@simons.cat60,not_harmful
fashion,https://www.tiktok.com/@._.giirl._xiinh135?lang=en,not_harmful
weirdchallenge,https://www.tiktok.com/@lilyleatherwood/video/6760705827876752645,harmful
review,https://www.tiktok.com/@hoanquin?lang=en,not_harmful
podchill,https://www.tiktok.com/@hfbanpod?lang=en,harmful
diy,https://www.tiktok.com/@leddugo/video/7568000588743527698,not_harmful
vape,https://www.tiktok.com/@vbayofficial,harmful
troll,https://www.tiktok.com/@anthi_daynek?lang=en,harmful
learning,https://www.tiktok.com/@chachutvkid/video/7564380807649938710,not_harmful
drama,https://www.tiktok.com/@moo.eay/video/7451628384930630919,harmful
dog,https://www.tiktok.com/@pets_ideas/video/7246414827520920833,not_harmful
learning,https://www.tiktok.com/@bumsseoulnote?lang=en,not_harmful
reviewphim,https://www.tiktok.com/@reviewphimm.z4/video/7459820154675907858,not_harmful
environment,https://www.tiktok.com/@emanchie16/video/7562941644304026887,not_harmful
garden,https://www.tiktok.com/@nguyennguyen_editor/video/7568723313330097416,not_harmful
fakenews,https://www.tiktok.com/@chongtingia/video/7531303597175278856,harmful
diy,https://www.tiktok.com/@bekemxinhxinh1008/video/7564805689093164308,not_harmful
game,https://www.tiktok.com/@kesangameh?lang=en,not_harmful
toxic,https://www.tiktok.com/@walter.khang?lang=en,harmful
rượu,https://www.tiktok.com/@kimme2con,harmful
travelvlog,https://www.tiktok.com/@capcut_oanhhy247?lang=en,not_harmful
rượu,https://www.tiktok.com/@useritefrnzk93?lang=en,harmful
fitness,https://www.tiktok.com/@luisa.tabbert/video/7196362249978612997,not_harmful
weirdchallenge,https://www.tiktok.com/@tsquadgirl?lang=en,harmful
18plus,https://www.tiktok.com/@n0810108?lang=en,harmful
bay_lắc,https://www.tiktok.com/@beo1442022/video/7561232886192508180,harmful
healthy,https://www.tiktok.com/@tthhealthyfood?lang=en,not_harmful
gianghomang,https://www.tiktok.com/@sydang38cn?lang=en,harmful
selfcare,https://www.tiktok.com/@reyha_mete,not_harmful
nature,https://www.tiktok.com/@firda_bbx/video/7409513180243791109,not_harmful
sport,https://www.tiktok.com/@mongtuyen_running/video/7530878337091194119,not_harmful
car,https://www.tiktok.com/@ppl111206?lang=en,not_harmful
thucung,https://www.tiktok.com/@gulet383?lang=en,not_harmful
flirt,https://www.tiktok.com/@shimeeow?lang=en,harmful
food,https://www.tiktok.com/@aaaaaaawwwaaaaaaaa?lang=en,not_harmful
cat,https://www.tiktok.com/@katlinalysse?lang=en,not_harmful
plant,https://www.tiktok.com/@purplebyhry?lang=en,not_harmful
study,https://www.tiktok.com/@ivyhocbai/video/7429755804833549575,not_harmful
ancungtiktok,https://www.tiktok.com/@banhkemfamily?lang=en,not_harmful
plant,https://www.tiktok.com/@usumu.garden/video/7569878603484204309,not_harmful
nature,https://www.tiktok.com/@samuraiky?lang=en,not_harmful
scam,https://www.tiktok.com/@callmejackie9/video/7514557042888117524,harmful
sport,https://www.tiktok.com/@tallwomanenergyy/video/7497529202824989960,not_harmful
bói_bài,https://www.tiktok.com/@gieoduyen6868?lang=en,harmful
volunteer,https://www.tiktok.com/@volunteerforeducation/video/7233696368253078790,not_harmful
education,https://www.tiktok.com/@duhoc_isceducation/video/7528351573966064903,not_harmful
music,https://www.tiktok.com/@frexsrecords?lang=en,not_harmful
gọi_hồn,https://www.tiktok.com/@amg.nhc.git.ng01/video/7537518909071559943,harmful
xem_bói,https://www.tiktok.com/@vanmenhradio/video/7567606227824332040,harmful
fashion,https://www.tiktok.com/@vifw.official/video/7567331426400505095,not_harmful
gọi_hồn,https://www.tiktok.com/@user6177959418216?lang=en,harmful
rượu,https://www.tiktok.com/@ttg.2102/video/7263517071072316690,harmful
toxic,https://www.tiktok.com/@katiperry_?lang=en,harmful
science,https://www.tiktok.com/@davoslingo?lang=en,not_harmful
pet,https://www.tiktok.com/@nhaqueskibidi?lang=en,not_harmful
travelvlog,https://www.tiktok.com/@serababy_/video/7533135590691327240,not_harmful
tech,https://www.tiktok.com/@chirikatoritech?lang=en,not_harmful
tarotreading,https://www.tiktok.com/@trucleetarot/video/7560244459502374161,harmful
phóng_lợn,https://www.tiktok.com/@htv_daihanoi/video/7441563637115784469,harmful
đánh_nhau,https://www.tiktok.com/@bibuonme/video/7414278165989723410,harmful
seductive,https://www.tiktok.com/@_.xien04?lang=en,harmful
recipe,https://www.tiktok.com/@chefthugian241?lang=en,not_harmful
vape,https://www.tiktok.com/@geekvapeindonesia,harmful
study,https://www.tiktok.com/@pensandpapercranes/video/7469910452999425312,not_harmful
selfcare,https://www.tiktok.com/@tyberry_/video/7492411010528070919,not_harmful
plant,https://www.tiktok.com/@vomanhquan123/video/7569104853209746706,not_harmful
shockcontent,https://www.tiktok.com/@zk15191/video/7566693661405154582,harmful
recipe,https://www.tiktok.com/@thepancake_eden/video/7531427343546502422,not_harmful
drama,https://www.tiktok.com/@thuhuongnttttt?lang=en,harmful
thucung,https://www.tiktok.com/@chutopets/video/7329363670868184338,not_harmful
environment,https://www.tiktok.com/@huongtra09.12/video/7511177398298086674,not_harmful
hầu_đồng,https://www.tiktok.com/@denongbaybaoha_tuyen07?lang=en,harmful
phóng_lợn,https://www.tiktok.com/@khoalccar2?lang=en,harmful
funny,https://www.tiktok.com/@justwolow/video/7564161498654772511,not_harmful
tech,https://www.tiktok.com/@yuroosetup?lang=en,not_harmful
tech,https://www.tiktok.com/@bacomtech/video/7543827318091844882,not_harmful
lifehack,https://www.tiktok.com/@aroob_armys/video/7558229799265717526,not_harmful
reviewphim,https://www.tiktok.com/@hoangxaykeg?lang=en,not_harmful
kiss,https://www.tiktok.com/@playkissuk/video/7566284226493025538,harmful
selfcare,https://www.tiktok.com/@jesskincare96/video/7556233790792781068,not_harmful
flirt,https://www.tiktok.com/@mardinbeltrano?lang=en,harmful
bullying,https://www.tiktok.com/@leebron._?lang=en,harmful
alcohol,https://www.tiktok.com/@wack.official/video/7542466606945946898,harmful
review,https://www.tiktok.com/@vnstarmedia.vn?lang=en,not_harmful
nauan,https://www.tiktok.com/@anngonmoingay868?lang=en,not_harmful
dog,https://www.tiktok.com/@fvmcompiled/video/7568110089152859409,not_harmful
car,https://www.tiktok.com/@blazer_29/video/7548495733205323013,not_harmful
family,https://www.tiktok.com/@beautifymeeh/video/7374652340764200199,not_harmful
lifehack,https://www.tiktok.com/@raipradip69,not_harmful
hầu_đồng,https://www.tiktok.com/@linh_linh2411/video/7366249508902128914,harmful
kiss,https://www.tiktok.com/@ngoc.ha.vu45?lang=en,harmful
review,https://www.tiktok.com/@_tranthitrucquy?lang=en,not_harmful
selfcare,https://www.tiktok.com/@nuvoleah/video/7459229624912841989,not_harmful
coding,https://www.tiktok.com/@hellomau8/video/7568434801212984584,not_harmful
inspiration,https://www.tiktok.com/@al_nuur_en?lang=en,not_harmful
gáixinh,https://www.tiktok.com/@_thahtugz_/video/7540283787805019399,harmful
art,https://www.tiktok.com/@cuttrauxaokhe_/video/7531619335404670215,not_harmful
xem_bói,https://www.tiktok.com/@sangduong66888?lang=en,harmful
troll,https://www.tiktok.com/@v.v9703/video/7566206594414038280,harmful
fortuneteller,https://www.tiktok.com/@aviv__collection/video/7426498829274434846,harmful
book,https://www.tiktok.com/@trontrongmo/video/7539037509930650888,not_harmful
study,https://www.tiktok.com/@dh.mkem_/video/7522360949794163986,not_harmful
mê_tín_dị_đoan,https://www.tiktok.com/@nkvnews?lang=en,harmful
dog,https://www.tiktok.com/@tuanvipio123sibip?lang=en,not_harmful
bay_lắc,https://www.tiktok.com/@namlun2808080?lang=en,harmful
giadinh,https://www.tiktok.com/@ba.m.l.pht.sng.ca?lang=en,not_harmful
bikini,https://www.tiktok.com/@pe.xinhdep/video/7281933599241194760,harmful
chửi_thề,https://www.tiktok.com/@huyt395jzm?lang=en,harmful
toxic,https://www.tiktok.com/@choiploy1712?lang=en,harmful
fight,https://www.tiktok.com/@boxinggirl636?lang=en,harmful
thuthach,https://www.tiktok.com/@reviewphimhay.cs?lang=en,harmful
chửi,https://www.tiktok.com/@duchoi04?lang=en,harmful
gọi_hồn,https://www.tiktok.com/@okwinthegioikidieu/video/7563283090538269970,harmful
phóng_lợn,https://www.tiktok.com/@linhhoai3939?lang=en,harmful
bói_bài,https://www.tiktok.com/@honguyenthaosggp1/video/7242293822250568965,harmful
travelvlog,https://www.tiktok.com/@jlz_1/video/7569309889999146262,not_harmful
garden,https://www.tiktok.com/@ngandailylife/video/7347168310187838752,not_harmful
diy,https://www.tiktok.com/@jarrisan?lang=en,not_harmful
lifehack,https://www.tiktok.com/@haiphsgu0kp/video/7568036462944472351,not_harmful
fashion,https://www.tiktok.com/@hmcwl?lang=en,not_harmful
tarotreading,https://www.tiktok.com/@paradisetarot?lang=en,harmful
healthy,https://www.tiktok.com/@by.seoyeonn?lang=en,not_harmful
bikini,https://www.tiktok.com/@depla.me/video/7509377536078466322,harmful
book,https://www.tiktok.com/@thichdocsach_204/video/7538401774747651335,not_harmful
learning,https://www.tiktok.com/@hompang8/video/7510487437274123536,not_harmful
garden,https://www.tiktok.com/@cherryl2465?lang=en,not_harmful
thucung,https://www.tiktok.com/@bemoon0005/video/7491638265196465426,not_harmful
tín_dụng_đen,https://www.tiktok.com/@tonghopapphot2025/video/7450756426349219080,harmful
ancungtiktok,https://www.tiktok.com/@duc_quan04?lang=en,not_harmful
sport,https://www.tiktok.com/@24h.sports/video/7344622846850714881,not_harmful
education,https://www.tiktok.com/@ielts_aielts_english/video/7490559182148603143,not_harmful
reviewphim,https://www.tiktok.com/@tt.tin230807/video/7201748065416531243,not_harmful
car,https://www.tiktok.com/@growerdn/video/7470738137816354053,not_harmful
book,https://www.tiktok.com/@zanni.iuoi?lang=en,not_harmful
cat,https://www.tiktok.com/@strifecos?lang=en,not_harmful
art,https://www.tiktok.com/@sonthephan?lang=en,not_harmful
toxic,https://www.tiktok.com/@dphongg_04?lang=en,harmful
quotes,https://www.tiktok.com/@moicthestoic?lang=en,not_harmful
pet,https://www.tiktok.com/@jfxgw/video/7565414450648452366,not_harmful
psychic,https://www.tiktok.com/@_askthepsychic/video/7568042921006501175,harmful
nauan,https://www.tiktok.com/@yeubepyeunha?lang=en,not_harmful
psychic,https://www.tiktok.com/@_.askthepsychiic/video/7560743409938435359,harmful
thucung,https://www.tiktok.com/@va.thn.ti81/video/7559939079421578503,not_harmful
fortuneteller,https://www.tiktok.com/@stn0710?lang=en,harmful
coding,https://www.tiktok.com/@annguyenn1511/video/7538087495725042962,not_harmful
trippy,https://www.tiktok.com/@versa.tale/video/7295875039340317998,harmful
science,https://www.tiktok.com/@darkxz_jake?lang=en,not_harmful
thucung,https://www.tiktok.com/@muncucbong?lang=en,not_harmful
cat,https://www.tiktok.com/@lovelyhcats/video/7435661507049950485,not_harmful
reactiondrama,https://www.tiktok.com/@krystal_celestial,harmful
ancungtiktok,https://www.tiktok.com/@chef_hugo_hieu/video/7325269110613478657,not_harmful
environment,https://www.tiktok.com/@miabrand69?lang=en,not_harmful
reactiondrama,https://www.tiktok.com/@imsofiiii__?lang=en,harmful
meditation,https://www.tiktok.com/@maza5887?lang=en,not_harmful
motivation,https://www.tiktok.com/@nghevangam987?lang=en,not_harmful
troll,https://www.tiktok.com/@lekimmerchandise?lang=en,harmful
food,https://www.tiktok.com/@softiefufu?lang=en,not_harmful
gianghomang,https://www.tiktok.com/@diepvien8888/video/7556995111054298390,harmful
diy,https://www.tiktok.com/@luk_artne/video/7568466495039196423,not_harmful
travelvlog,https://www.tiktok.com/@craving4_u/video/7507275427346599175,not_harmful
lingerie,https://www.tiktok.com/@kleuet/video/7540656673690504453,harmful
scam,https://www.tiktok.com/@minh09.12?lang=en,harmful
diy,https://www.tiktok.com/@phukienhoadohue80?lang=en,not_harmful
review,https://www.tiktok.com/@cicicosmetic1/video/7565486530534427922,not_harmful
sachhay,https://www.tiktok.com/@sachhay616/video/7510435738568232199,not_harmful
nhaycam,https://www.tiktok.com/@vitamingaixinh2025/video/7544979399871909128,harmful
xem_bói,https://www.tiktok.com/@phongthuytamkhoa/video/6946148503018032385,harmful
lingerie,https://www.tiktok.com/@lingri98?lang=en,harmful
chửi,https://www.tiktok.com/@nguyendung_0704/video/7569250894609501458,harmful
garden,https://www.tiktok.com/@iceman.roblox/video/7569587451480657170,not_harmful
nauan,https://www.tiktok.com/@sun111992?lang=en,not_harmful
car,https://www.tiktok.com/@woyshnis.media,not_harmful
gianghomang,https://www.tiktok.com/@tintucgianghomang?lang=en,harmful
makeup,https://www.tiktok.com/@quanhdayo?lang=en,not_harmful
quotes,https://www.tiktok.com/@mood_sun520?lang=en,not_harmful
coding,https://www.tiktok.com/@thanhdatara/video/7532102658807663880,not_harmful
game,https://www.tiktok.com/@mr.diamanta?lang=en,not_harmful
selfcare,https://www.tiktok.com/@mialicewu?lang=en,not_harmful
volunteer,https://www.tiktok.com/@.th.mi15/video/7566555532719312136,not_harmful
tech,https://www.tiktok.com/@chupachup.fashion.store?lang=en,not_harmful
dog,https://www.tiktok.com/@animal_baby12345?lang=en,not_harmful
nauan,https://www.tiktok.com/@bigidalat/video/7564815991549529352,not_harmful
sachhay,https://www.tiktok.com/@thanhnhanluungon?lang=en,not_harmful
tech,https://www.tiktok.com/@bacomtech?lang=en,not_harmful
funny,https://www.tiktok.com/@funnyfamily0101?lang=en,not_harmful
family,https://www.tiktok.com/@maubinhyen?lang=en,not_harmful
funny,https://www.tiktok.com/@lhongphc?lang=en,not_harmful
gáixinh,https://www.tiktok.com/@tunlng400/video/7467823935300603158,harmful
bullying,https://www.tiktok.com/@v4mp_861/video/7548449639570083080,harmful
thucung,https://www.tiktok.com/@luppetshop9/video/7560656104523353352,not_harmful
drunk,https://www.tiktok.com/@blameitonxi?lang=en,harmful
quotes,https://www.tiktok.com/@h21_0203?lang=en,not_harmful
chửi,https://www.tiktok.com/@pv52590/video/7559535136128240904,harmful
music,https://www.tiktok.com/@tya_lyrics_?lang=en,not_harmful
rượu,https://www.tiktok.com/@danh.tu348,harmful
nauan,https://www.tiktok.com/@xomvaobep/video/7561070312087899399,not_harmful
environment,https://www.tiktok.com/@naturebeautyscenery?lang=en,not_harmful
inspiration,https://www.tiktok.com/@sapababasebgobiiga7,not_harmful
fashion,https://www.tiktok.com/@josie_0131/video/7498330098630692114,not_harmful
inspiration,https://www.tiktok.com/@4.flow_?lang=en,not_harmful
reviewphim,https://www.tiktok.com/@mecoiphim102/video/7553616436183305480,not_harmful
psychic,https://www.tiktok.com/@nihaachu,harmful
game,https://www.tiktok.com/@oanhxinh_22?lang=en,not_harmful
trippy,https://www.tiktok.com/@shipper_vietkieu?lang=en,harmful
book,https://www.tiktok.com/@misachan997?lang=en,not_harmful
congnghe,https://www.tiktok.com/@cnttclc.dtdl?lang=en,not_harmful
pet,https://www.tiktok.com/@sherrinsta1/video/7554169870657572127,not_harmful
coding,https://www.tiktok.com/@coding0707/video/7561925926460624150,not_harmful
plant,https://www.tiktok.com/@roblox,not_harmful
car,https://www.tiktok.com/@rocars.tv1,not_harmful
scandal,https://www.tiktok.com/@rcdnarratives_/video/7051196136542981402,harmful
ghosthunting,https://www.tiktok.com/@mrgibb0n?lang=en,harmful
family,https://www.tiktok.com/@dimaserlangga996/video/7518040485424942342,not_harmful
bullying,https://www.tiktok.com/@duyquang1618/video/7418442775143664904,harmful
comedy,https://www.tiktok.com/@crazyfunnyvideo2?lang=en,not_harmful
recipe,https://www.tiktok.com/@iramsfoodstory?lang=en,not_harmful
thuthach,https://www.tiktok.com/@nkhayho?lang=en,harmful
reactiondrama,https://www.tiktok.com/@2486jxns68k/video/7558069019715177746,harmful
coding,https://www.tiktok.com/@tunkit6080/video/7555034931395562770,not_harmful
lifehack,https://www.tiktok.com/@haiphsgu0kp?lang=en,not_harmful
comedy,https://www.tiktok.com/@kinara_animation/video/7565806797886328076,not_harmful
game,https://www.tiktok.com/@papoyonduty?lang=en,not_harmful
sport,https://www.tiktok.com/@yenam_real?lang=en,not_harmful
quotes,https://www.tiktok.com/@_209wqth/video/7553120897499024660,not_harmful
pet,https://www.tiktok.com/@funnypet.vne?lang=en,not_harmful
recipe,https://www.tiktok.com/@amsr.tv0/video/7568600314966838550,not_harmful
smoking,https://www.tiktok.com/@justlife151/video/7448423844542467350,harmful
education,https://www.tiktok.com/@curiousmind0808?lang=en,not_harmful
meditation,https://www.tiktok.com/@maza5887/video/7503958611744312583,not_harmful
sachhay,https://www.tiktok.com/@sachhaynb/video/7315264804292136199,not_harmful
reactiondrama,https://www.tiktok.com/@tv360.vn/video/7525647624431619336,harmful
study,https://www.tiktok.com/@mng.fangg?lang=en,not_harmful
shockcontent,https://www.tiktok.com/@destinykauffman?lang=en,harmful
toxic,https://www.tiktok.com/@walter.khang/video/7556980980582452487,harmful
inspiration,https://www.tiktok.com/@heartfeltlines.1?lang=en,not_harmful
sport,https://www.tiktok.com/@sportswomen00/video/7544348425131756808,not_harmful
shockcontent,https://www.tiktok.com/@templatemoe?lang=en,harmful
gáixinh,https://www.tiktok.com/@huyenhgeumj/video/7544267205261692161,harmful
hầu_đồng,https://www.tiktok.com/@t.phc.bo/video/7455509990036622609,harmful
sport,https://www.tiktok.com/@gymgoddesstv?lang=en,not_harmful
prankgonewrong,https://www.tiktok.com/@j.a.m.i.e.a.l.y.s.s.a/video/7565695999960730894,harmful
food,https://www.tiktok.com/@fancywithtrang_/video/7530260860154023176,not_harmful
nature,https://www.tiktok.com/@kkzemoo?lang=en,not_harmful
bóc_phốt,https://www.tiktok.com/@mrfitshort/video/7554943035063242002,harmful
đòi_nợ,https://www.tiktok.com/@valeriephongthuy/video/7561598460974222610,harmful
ghosthunting,https://www.tiktok.com/@gamecungthai/video/7455546447371472146,harmful
education,https://www.tiktok.com/@alizada.54/video/7415228898889305377,not_harmful
bóc_phốt,https://www.tiktok.com/@ghetmayconrandoc_nc/video/7515614396870053127,harmful
tech,https://www.tiktok.com/@immagokush?lang=en,not_harmful
fitness,https://www.tiktok.com/@coach.tinotenda24?lang=en,not_harmful
gọi_hồn,https://www.tiktok.com/@dsbaoan211/video/7568085567552900373,harmful
thuthach,https://www.tiktok.com/@matchalatte270913/video/7533182996434652423,harmful
recipe,https://www.tiktok.com/@emroseweather/video/7508125229055626518,not_harmful
makeup,https://www.tiktok.com/@makeupdema/video/7497082995862408449,not_harmful
18plus,https://www.tiktok.com/@darikaaa?lang=en,harmful
science,https://www.tiktok.com/@3dfactlab?lang=en,not_harmful
thucung,https://www.tiktok.com/@chilldogs86/video/7532490846537633032,not_harmful
education,https://www.tiktok.com/@englishmasterclass0/video/7519487853848579359,not_harmful
motivation,https://www.tiktok.com/@force.of.progres?lang=en,not_harmful
đòi_nợ,https://www.tiktok.com/@doinonguyengia/video/7549028491208019201,harmful
review,https://www.tiktok.com/@tungss93?lang=en,not_harmful
bóc_phốt,https://www.tiktok.com/@tuanmolo123?lang=en,harmful
mê_tín_dị_đoan,https://www.tiktok.com/@tinhlangoday?lang=en,harmful
phóng_lợn,https://www.tiktok.com/@dantri.com.vn?lang=en,harmful
cat,https://www.tiktok.com/@orangekatze.4?lang=en,not_harmful
fakenews,https://www.tiktok.com/@bboneoseu/video/7562887159011626260,harmful
seductive,https://www.tiktok.com/@dextermonetiza/video/7525600476025457942,harmful
environment,https://www.tiktok.com/@lebong95/video/7387014440765443346,not_harmful
tarotreading,https://www.tiktok.com/@phuongtarot95?lang=en,harmful
tech,https://www.tiktok.com/@aki_saw_myballs?lang=en,not_harmful
gianghomang,https://www.tiktok.com/@gianghomang1/video/7035252677353147650,harmful
coding,https://www.tiktok.com/@0x7e1.tensor/video/7565540145701702933,not_harmful
flirt,https://www.tiktok.com/@winter.lyn13?lang=en,harmful
reviewphim,https://www.tiktok.com/@nguyenquynh123321?lang=en,not_harmful
food,https://www.tiktok.com/@sharmainesiu?lang=en,not_harmful
game,https://www.tiktok.com/@kateqhhh?lang=en,not_harmful
gianghomang,https://www.tiktok.com/@xahoichat/video/7555021807280000257,harmful
fashion,https://www.tiktok.com/@ai_costume?lang=en,not_harmful
lừa_đảo,https://www.tiktok.com/@theanh28entertainment/video/7442190384622603527,harmful
nauan,https://www.tiktok.com/@kieuhanareal?lang=en,not_harmful
sport,https://www.tiktok.com/@uz.gllowup/video/7492367739164560647,not_harmful
study,https://www.tiktok.com/@tuilaselena_?lang=en,not_harmful
education,https://www.tiktok.com/@gn.30.tui.vn.cy.ie?lang=en,not_harmful
car,https://www.tiktok.com/@anastasiia.yeremeieva?lang=en,not_harmful
coding,https://www.tiktok.com/@minhng.info/video/7563881499989150994,not_harmful
flirt,https://www.tiktok.com/@ho.un.video.per.te?lang=en,harmful
prankgonewrong,https://www.tiktok.com/@xyetysuma3/video/7569271115105848590,harmful
ghosthunting,https://www.tiktok.com/@aloha_ghost_adventure?lang=en,harmful
diy,https://www.tiktok.com/@ketahandmade/video/7568899248226372882,not_harmful
tech,https://www.tiktok.com/@tongthonghanoiday?lang=en,not_harmful
podchill,https://www.tiktok.com/@chilllll447/video/7546676644451323143,harmful
lifehack,https://www.tiktok.com/@lifehackcrafting?lang=en,not_harmful
environment,https://www.tiktok.com/@liesmyself?lang=en,not_harmful
fitness,https://www.tiktok.com/@meothichtapgym_/video/7506491999520918791,not_harmful
ancungtiktok,https://www.tiktok.com/@bepnhanhu_0509?lang=en,not_harmful
body,https://www.tiktok.com/@ghientapgym1/video/7503105016194927879,harmful
study,https://www.tiktok.com/@_studygram21/video/7558408065809255698,not_harmful
superstition,https://www.tiktok.com/@tressuni?lang=en,harmful
bay_lắc,https://www.tiktok.com/@namlun2808080/video/7384456928749030674,harmful
garden,https://www.tiktok.com/@ronneibloxfruit7?lang=en,not_harmful
learning,https://www.tiktok.com/@minh_minh_minh/video/7169536000115494171,not_harmful
thucung,https://www.tiktok.com/@luppetshop9/video/7487185998011436294,not_harmful
bóc_phốt,https://www.tiktok.com/@hanmin290602/video/7248099151462894853,harmful
hầu_đồng,https://www.tiktok.com/@nguyenthanhlong1990m,harmful
nhaycam,https://www.tiktok.com/@lythimag2,harmful
garden,https://www.tiktok.com/@khchichuche?lang=en,not_harmful
science,https://www.tiktok.com/@thequizmaster4?lang=en,not_harmful
streetfight,https://www.tiktok.com/@spicyylatina78?lang=en,harmful
sport,https://www.tiktok.com/@thethaoxinh/video/7506088168781827345,not_harmful
superstition,https://www.tiktok.com/@bmbnjam19/video/7558847433984298254,harmful
darkhumor,https://www.tiktok.com/@storyreels02/video/7483492090161171734,harmful
drunk,https://www.tiktok.com/@jamaicalamit_/video/7554090523410173202,harmful
lifehack,https://www.tiktok.com/@meni60881/video/7565911629418745101,not_harmful
sport,https://www.tiktok.com/@erlinatrieu/video/7518242500994239752,not_harmful
scandal,https://www.tiktok.com/@alliyahh_gail/video/7469938033639296264,harmful
travelvlog,https://www.tiktok.com/@lebong95/video/7359801258334489874,not_harmful
scam,https://www.tiktok.com/@mrchevl/video/7557637178113707282,harmful
smoking,https://www.tiktok.com/@lledesma.ternos/video/7256482176244485382,harmful
prankgonewrong,https://www.tiktok.com/@davidandjenni_?lang=en,harmful
dog,https://www.tiktok.com/@juliagressive?lang=en,not_harmful
superstition,https://www.tiktok.com/@demitrijams?lang=en,harmful
thuthach,https://www.tiktok.com/@khanhkhongkhoc2015/video/7550230941646572807,harmful
scam,https://www.tiktok.com/@beatbloxfruit/video/7558419487037410591,harmful
study,https://www.tiktok.com/@xuexi69?lang=en,not_harmful
motivation,https://www.tiktok.com/@vt.m.dng1/video/7548815364138847489,not_harmful
science,https://www.tiktok.com/@devdar_ia/video/7284709045427129632,not_harmful
education,https://www.tiktok.com/@learning.english.withdo/video/7467613576094682376,not_harmful
art,https://www.tiktok.com/@ww_brand?lang=en,not_harmful
pet,https://www.tiktok.com/@jfxgw/video/7567799777409256717,not_harmful
giadinh,https://www.tiktok.com/@tieuanhnhu_88?lang=en,not_harmful
recipe,https://www.tiktok.com/@emroseweather?lang=en,not_harmful
ghosthunting,https://www.tiktok.com/@csp.777/video/7178028582747311387,harmful
coding,https://www.tiktok.com/@hamytrinh99/video/7496135965501672724,not_harmful
coding,https://www.tiktok.com/@letdiv?lang=en,not_harmful
sachhay,https://www.tiktok.com/@hellodituyet?lang=en,not_harmful
inspiration,https://www.tiktok.com/@inspire_mind_/video/7533748394465021216,not_harmful
scandal,https://www.tiktok.com/@yn.thm.tho?lang=en,harmful
plant,https://www.tiktok.com/@pipi_plant?lang=en,not_harmful
thucung,https://www.tiktok.com/@corgivietnampuppy/video/7486484037347839239,not_harmful
reviewphim,https://www.tiktok.com/@reviewphimhay123451?lang=en,not_harmful
selfcare,https://www.tiktok.com/@saynasheikhh/video/7370466364647083310,not_harmful
nauan,https://www.tiktok.com/@betrangg24?lang=en,not_harmful
bói_toán,https://www.tiktok.com/@thaygiaotoan1980/video/7540681346457390354,harmful
pet,https://www.tiktok.com/@doglover9680?lang=en,not_harmful
review,https://www.tiktok.com/@betamreview68?lang=en,not_harmful
environment,https://www.tiktok.com/@tuyetkypowerpoint/video/7346958614617230612,not_harmful
meditation,https://www.tiktok.com/@tueanh0099?lang=en,not_harmful
prankgonewrong,https://www.tiktok.com/@oxlee/video/7531371572842761480,harmful
shockcontent,https://www.tiktok.com/@becs.w22?lang=en,harmful
hầu_đồng,https://www.tiktok.com/@phamlinh.205?lang=en,harmful
review,https://www.tiktok.com/@hoangminhngoc21/video/7047094353637936386,not_harmful
weirdchallenge,https://www.tiktok.com/@jennahleland/video/6659545335901195526,harmful
phóng_lợn,https://www.tiktok.com/@hanhcutephomaique09?lang=en,harmful
travelvlog,https://www.tiktok.com/@capcut_huutuyen77/video/7444948282398231815,not_harmful
shockcontent,https://www.tiktok.com/@tunesjoy/video/7557740522505293069,harmful
drama,https://www.tiktok.com/@fyn_shyt3/video/7553998211795471637,harmful
comedy,https://www.tiktok.com/@mrdavidfunny/video/7561068044638883103,not_harmful
prankgonewrong,https://www.tiktok.com/@dailyvlog198?lang=en,harmful
selfcare,https://www.tiktok.com/@congchuakhine/video/7456724791265873159,not_harmful
smoking,https://www.tiktok.com/@vinafierce/video/7172632884019268890,harmful
family,https://www.tiktok.com/@myyen19207/video/7569464139295264020,not_harmful
sexy,https://www.tiktok.com/@love_story_66?lang=en,harmful
plant,https://www.tiktok.com/@pvz_zone?lang=en,not_harmful
lingerie,https://www.tiktok.com/@melingerie.s1?lang=en,harmful
selfcare,https://www.tiktok.com/@fae3ryn?lang=en,not_harmful
lifehack,https://www.tiktok.com/@life.hacks760/video/7565805698697710870,not_harmful
bullying,https://www.tiktok.com/@theanh28entertainment/video/7569786002282155284,harmful
xem_bói,https://www.tiktok.com/@nguyenhoahoa_1992?lang=en,harmful
vape,https://www.tiktok.com/@oxva.official?lang=en,harmful
book,https://www.tiktok.com/@blairlikesbooks/video/7550312661162953997,not_harmful
tarotreading,https://www.tiktok.com/@tarot.wchan/video/7473453786615303442,harmful
fakenews,https://www.tiktok.com/@nnpc94?lang=en,harmful
motivation,https://www.tiktok.com/@tri.fitness/video/7334659927178300680,not_harmful
scam,https://www.tiktok.com/@chou_qhu?lang=en,harmful
quotes,https://www.tiktok.com/@quotesforyouu6?lang=en,not_harmful
bói_bài,https://www.tiktok.com/@tieunhuocvu/video/6970546313234517250,harmful
sport,https://www.tiktok.com/@erlinatrieu?lang=en,not_harmful
body,https://www.tiktok.com/@keyy08182?lang=en,harmful
flirt,https://www.tiktok.com/@winter.lyn13/video/7528433451691789574,harmful
mê_tín_dị_đoan,https://www.tiktok.com/@vtv24news/video/7201110884343614721,harmful
pet,https://www.tiktok.com/@shopthobohn/video/7346772645536386312,not_harmful
đòi_nợ,https://www.tiktok.com/@hip18h01492?lang=en,harmful
sexy,https://www.tiktok.com/@h.nhi8264/video/7447506148351118599,harmful
